/researchandfunding/MERIT,/research/nci-role/spotlight/merit
/researchandfunding/MERIT/2012/kinzler,/research/nci-role/spotlight/merit/kinzler
/researchandfunding/MERIT/berk,/research/nci-role/spotlight/merit/berk
/researchandfunding/MERIT/bigner,/research/nci-role/spotlight/merit/binger
/researchandfunding/MERIT/Bissell,/research/nci-role/spotlight/merit/bissell
/researchandfunding/MERIT/blenis,/research/nci-role/spotlight/merit/blenis
/researchandfunding/MERIT/botchan,/research/nci-role/spotlight/merit/botchan
/researchandfunding/MERIT/caligiuri,/research/nci-role/spotlight/merit/caligiuri
/researchandfunding/MERIT/carroll,/research/nci-role/spotlight/merit/carroll
/researchandfunding/MERIT/chen,/research/nci-role/spotlight/merit/chen
/researchandfunding/MERIT/cheresh,/research/nci-role/spotlight/merit/cheresh
/researchandfunding/MERIT/coffin,/research/nci-role/spotlight/merit/coffin
/researchandfunding/MERIT/cravatt,/research/nci-role/spotlight/merit/cravatt
/researchandfunding/MERIT/dalla-favera,/research/nci-role/spotlight/merit/dalla-favera
/researchandfunding/MERIT/DePinho,/research/nci-role/spotlight/merit/depinho
/researchandfunding/MERIT/dong,/research/nci-role/spotlight/merit/dong
/researchandfunding/MERIT/druker,/research/nci-role/spotlight/merit/druker
/researchandfunding/MERIT/eisenman,/research/nci-role/spotlight/merit/eisenman
/researchandfunding/MERIT/essigmann,/research/nci-role/spotlight/merit/essigmann
/researchandfunding/MERIT/evans,/research/nci-role/spotlight/merit/evans
/researchandfunding/MERIT/fenical,/research/nci-role/spotlight/merit/fenical
/researchandfunding/MERIT/giaccia,/research/nci-role/spotlight/merit/giaccia
/researchandfunding/MERIT/giancotti,/research/nci-role/spotlight/merit/giancotti
/researchandfunding/MERIT/goff,/research/nci-role/spotlight/merit/goff
/researchandfunding/MERIT/guengerich,/research/nci-role/spotlight/merit/guengerich
/researchandfunding/MERIT/haber,/research/nci-role/spotlight/merit/haber
/researchandfunding/MERIT/harrison,/research/nci-role/spotlight/merit/harrison
/researchandfunding/MERIT/hauer-jensen,/research/nci-role/spotlight/merit/hauer-jensen
/researchandfunding/MERIT/hayward,/research/nci-role/spotlight/merit/hayward
/researchandfunding/MERIT/hecht,/research/nci-role/spotlight/merit/hecht
/researchandfunding/MERIT/hendrix,/research/nci-role/spotlight/merit/hendrix
/researchandfunding/MERIT/jones,/research/nci-role/spotlight/merit/jones
/researchandfunding/MERIT/kinzler,/research/nci-role/spotlight/merit/kinzler
/researchandfunding/MERIT/kipps,/research/nci-role/spotlight/merit/kipps
/researchandfunding/MERIT/kohwi-shigematsu,/research/nci-role/spotlight/merit/kohwi-shigematsu
/researchandfunding/MERIT/kolonel,/research/nci-role/spotlight/merit/kolonel
/researchandfunding/MERIT/korc,/research/nci-role/spotlight/merit/korc
/researchandfunding/MERIT/laimins,/research/nci-role/spotlight/merit/laimins
/researchandfunding/MERIT/lieber,/research/nci-role/spotlight/merit/lieber
/researchandfunding/MERIT/lin,/research/nci-role/spotlight/merit/lin
/researchandfunding/MERIT/marnett,/research/nci-role/spotlight/merit/marnett
/researchandfunding/MERIT/martin,/research/nci-role/spotlight/merit/martin
/researchandfunding/MERIT/massague,/research/nci-role/spotlight/merit/massague
/researchandfunding/MERIT/miller,/research/nci-role/spotlight/merit/miller
/researchandfunding/MERIT/moscicki,/research/nci-role/spotlight/merit/moscicki
/researchandfunding/MERIT/neel,/research/nci-role/spotlight/merit/neel
/researchandfunding/MERIT/oren,/research/nci-role/spotlight/merit/oren
/researchandfunding/MERIT/pagaNo,/research/nci-role/spotlight/merit/pagano
/researchandfunding/MERIT/pandolfi,/research/nci-role/spotlight/merit/pandolfi
/researchandfunding/MERIT/pegg,/research/nci-role/spotlight/merit/pegg
/researchandfunding/MERIT/prakash,/research/nci-role/spotlight/merit/prakash
/researchandfunding/MERIT/privalsky,/research/nci-role/spotlight/merit/privalsky
/researchandfunding/MERIT/raz,/research/nci-role/spotlight/merit/raz
/researchandfunding/MERIT/roizman,/research/nci-role/spotlight/merit/raz
/researchandfunding/MERIT/shanNon,/research/nci-role/spotlight/merit/shannon
/researchandfunding/MERIT/springer,/research/nci-role/spotlight/merit/springer
/researchandfunding/MERIT/tjian,/research/nci-role/spotlight/merit/tjian
/researchandfunding/MERIT/vogelstein,/research/nci-role/spotlight/merit/vogelstein
/researchandfunding/MERIT/wender,/research/nci-role/spotlight/merit/wender
/researchandfunding/MERIT/yarden,/research/nci-role/spotlight/merit/yarden
/researchandfunding/MERIT/zheng,/research/nci-role/spotlight/merit/zheng
